color,continent,id,id_num,iso2,iso3,name
"#c8140a","as","asafg",4,"af","afg","Afghanistan"
"#752277","eu","eualb",8,"al","alb","Albania"
"#ffc41c","af","afdza",12,"dz","dza","Algeria"
"#e87600","oc","ocasm",16,"as","asm","American Samoa"
"#752277","eu","euand",20,"ad","and","Andorra"
"#ffc41c","af","afago",24,"ao","ago","Angola"
"#0b1097","na","naatg",28,"ag","atg","Antigua and Barbuda"
"#c8140a","as","asaze",31,"az","aze","Azerbaijan"
"#00923f","sa","saarg",32,"ar","arg","Argentina"
"#e87600","oc","ocaus",36,"au","aus","Australia"
"#752277","eu","euaut",40,"at","aut","Austria"
"#0b1097","na","nabhs",44,"bs","bhs","Bahamas"
"#c8140a","as","asbhr",48,"bh","bhr","Bahrain"
"#c8140a","as","asbgd",50,"bd","bgd","Bangladesh"
"#c8140a","as","asarm",51,"am","arm","Armenia"
"#0b1097","na","nabrb",52,"bb","brb","Barbados"
"#752277","eu","eubel",56,"be","bel","Belgium"
"#752277","eu","eublx",58,"xx","blx","Belgium-Luxembourg"
"#0b1097","na","nabmu",60,"bm","bmu","Bermuda"
"#c8140a","as","asbtn",64,"bt","btn","Bhutan"
"#00923f","sa","sabol",68,"bo","bol","Bolivia"
"#752277","eu","eubih",70,"ba","bih","Bosnia and Herzegovina"
"#00923f","sa","sabra",76,"br","bra","Brazil"
"#0b1097","na","nablz",84,"bz","blz","Belize"
"#c8140a","as","asiot",86,"io","iot","British Indian Ocean Territory"
"#e87600","oc","ocslb",90,"sb","slb","Solomon Islands"
"#0b1097","na","navgb",92,"vg","vgb","British Virgin Islands"
"#c8140a","as","asbrn",96,"bn","brn","Brunei"
"#752277","eu","eubgr",100,"bg","bgr","Bulgaria"
"#c8140a","as","asmmr",104,"mm","mmr","Burma"
"#ffc41c","af","afbdi",108,"bi","bdi","Burundi"
"#752277","eu","eublr",112,"by","blr","Belarus"
"#c8140a","as","askhm",116,"kh","khm","Cambodia"
"#ffc41c","af","afcmr",120,"cm","cmr","Cameroon"
"#0b1097","na","nacan",124,"ca","can","Canada"
"#ffc41c","af","afcpv",132,"cv","cpv","Cape Verde"
"#0b1097","na","nacym",136,"ky","cym","Cayman Islands"
"#ffc41c","af","afcaf",140,"cf","caf","Central African Republic"
"#c8140a","as","aslka",144,"lk","lka","Sri Lanka"
"#ffc41c","af","aftcd",148,"td","tcd","Chad"
"#00923f","sa","sachl",152,"cl","chl","Chile"
"#c8140a","as","aschn",156,"cn","chn","China"
"#c8140a","as","ascxr",162,"cx","cxr","Christmas Island"
"#c8140a","as","ascck",166,"cc","cck","Cocos (Keeling) Islands"
"#00923f","sa","sacol",170,"co","col","Colombia"
"#ffc41c","af","afcom",174,"km","com","Comoros"
"#ffc41c","af","afcog",178,"cg","cog","Republic of the Congo"
"#ffc41c","af","afcod",180,"cd","cod","Democratic Republic of the Congo"
"#e87600","oc","occok",184,"ck","cok","Cook Islands"
"#0b1097","na","nacri",188,"cr","cri","Costa Rica"
"#752277","eu","euhrv",191,"hr","hrv","Croatia"
"#0b1097","na","nacub",192,"cu","cub","Cuba"
"#c8140a","as","ascyp",196,"cy","cyp","Cyprus"
"#752277","eu","eucze",200,"cz","cze","Czech Republic"
"#752277","eu","eucze",203,"cz","cze","Czech Republic"
"#ffc41c","af","afben",204,"bj","ben","Benin"
"#752277","eu","eudnk",208,"dk","dnk","Denmark"
"#0b1097","na","nadma",212,"dm","dma","Dominica"
"#0b1097","na","nadom",214,"do","dom","Dominican Republic"
"#00923f","sa","saecu",218,"ec","ecu","Ecuador"
"#0b1097","na","naslv",222,"sv","slv","El Salvador"
"#ffc41c","af","afgnq",226,"gq","gnq","Equatorial Guinea"
"#ffc41c","af","afeth",231,"et","eth","Ethiopia"
"#ffc41c","af","aferi",232,"er","eri","Eritrea"
"#752277","eu","euest",233,"ee","est","Estonia"
"#00923f","sa","saflk",238,"fk","flk","Falkland Islands"
"#e87600","oc","ocfji",242,"fj","fji","Fiji"
"#752277","eu","eufin",246,"fi","fin","Finland"
"#752277","eu","eufra",250,"fr","fra","France"
"#752277","eu","eufra",251,"fr","fra","France"
"#e87600","oc","ocpyf",258,"pf","pyf","French Polynesia"
"#330000","an","anatf",260,"tf","atf","French South Antarctic Territory"
"#ffc41c","af","afdji",262,"dj","dji","Djibouti"
"#ffc41c","af","afgab",266,"ga","gab","Gabon"
"#c8140a","as","asgeo",268,"ge","geo","Georgia"
"#ffc41c","af","afgmb",270,"gm","gmb","Gambia"
"#c8140a","as","aspse",275,"ps","pse","Palestine"
"#752277","eu","eudeu",276,"de","deu","Germany"
"#ffc41c","af","afgha",288,"gh","gha","Ghana"
"#752277","eu","eugib",292,"gi","gib","Gibraltar"
"#e87600","oc","ockir",296,"ki","kir","Kiribati"
"#752277","eu","eugrc",300,"gr","grc","Greece"
"#0b1097","na","nagrl",304,"gl","grl","Greenland"
"#0b1097","na","nagrd",308,"gd","grd","Grenada"
"#e87600","oc","ocgum",316,"gu","gum","Guam"
"#0b1097","na","nagtm",320,"gt","gtm","Guatemala"
"#ffc41c","af","afgin",324,"gn","gin","Guinea"
"#00923f","sa","saguy",328,"gy","guy","Guyana"
"#0b1097","na","nahti",332,"ht","hti","Haiti"
"#0b1097","na","nahnd",340,"hn","hnd","Honduras"
"#c8140a","as","ashkg",344,"hk","hkg","Hong Kong"
"#752277","eu","euhun",348,"hu","hun","Hungary"
"#752277","eu","euisl",352,"is","isl","Iceland"
"#c8140a","as","asind",356,"in","ind","India"
"#c8140a","as","asidn",360,"id","idn","Indonesia"
"#c8140a","as","asirn",364,"ir","irn","Iran"
"#c8140a","as","asirq",368,"iq","irq","Iraq"
"#752277","eu","euirl",372,"ie","irl","Ireland"
"#c8140a","as","asisr",376,"il","isr","Israel"
"#752277","eu","euita",380,"it","ita","Italy"
"#752277","eu","euita",381,"it","ita","Italy"
"#ffc41c","af","afciv",384,"ci","civ","Cote d'Ivoire"
"#0b1097","na","najam",388,"jm","jam","Jamaica"
"#c8140a","as","asjpn",392,"jp","jpn","Japan"
"#c8140a","as","askaz",398,"kz","kaz","Kazakhstan"
"#c8140a","as","asjor",400,"jo","jor","Jordan"
"#ffc41c","af","afken",404,"ke","ken","Kenya"
"#c8140a","as","asprk",408,"kp","prk","North Korea"
"#c8140a","as","askor",410,"kr","kor","South Korea"
"#c8140a","as","askwt",414,"kw","kwt","Kuwait"
"#c8140a","as","askgz",417,"kg","kgz","Kyrgyzstan"
"#c8140a","as","aslao",418,"la","lao","Laos"
"#c8140a","as","aslbn",422,"lb","lbn","Lebanon"
"#752277","eu","eulva",428,"lv","lva","Latvia"
"#ffc41c","af","aflbr",430,"lr","lbr","Liberia"
"#ffc41c","af","aflby",434,"ly","lby","Libya"
"#752277","eu","eultu",440,"lt","ltu","Lithuania"
"#752277","eu","eulux",442,"lu","lux","Luxembourg"
"#c8140a","as","asmac",446,"mo","mac","Macau"
"#ffc41c","af","afmdg",450,"mg","mdg","Madagascar"
"#ffc41c","af","afmwi",454,"mw","mwi","Malawi"
"#c8140a","as","asmys",458,"my","mys","Malaysia"
"#c8140a","as","asmdv",462,"mv","mdv","Maldives"
"#ffc41c","af","afmli",466,"ml","mli","Mali"
"#752277","eu","eumlt",470,"mt","mlt","Malta"
"#ffc41c","af","afmrt",478,"mr","mrt","Mauritania"
"#ffc41c","af","afmus",480,"mu","mus","Mauritius"
"#0b1097","na","namex",484,"mx","mex","Mexico"
"#c8140a","as","asmng",496,"mn","mng","Mongolia"
"#752277","eu","eumda",498,"md","mda","Moldova"
"#752277","eu","eumne",499,"me","mne","Montenegro"
"#0b1097","na","namsr",500,"ms","msr","Montserrat"
"#ffc41c","af","afmar",504,"ma","mar","Morocco"
"#ffc41c","af","afmoz",508,"mz","moz","Mozambique"
"#c8140a","as","asomn",512,"om","omn","Oman"
"#e87600","oc","ocnru",520,"nr","nru","Nauru"
"#c8140a","as","asnpl",524,"np","npl","Nepal"
"#752277","eu","eunld",528,"nl","nld","Netherlands"
"#0b1097","na","nacuw",531,"cw","cuw","Curaçao"
"#0b1097","na","naabw",533,"aw","abw","Aruba"
"#0b1097","na","namaf",534,"mf","maf","Saint Maarten"
"#0b1097","na","nabes",535,"bq","bes","Bonaire"
"#e87600","oc","ocncl",540,"nc","ncl","New Caledonia"
"#e87600","oc","ocvut",548,"vu","vut","Vanuatu"
"#e87600","oc","ocnzl",554,"nz","nzl","New Zealand"
"#0b1097","na","nanic",558,"ni","nic","Nicaragua"
"#ffc41c","af","afner",562,"ne","ner","Niger"
"#ffc41c","af","afnga",566,"ng","nga","Nigeria"
"#e87600","oc","ocniu",570,"nu","niu","Niue"
"#e87600","oc","ocnfk",574,"nf","nfk","Norfolk Island"
"#752277","eu","eunor",578,"no","nor","Norway"
"#752277","eu","eunor",579,"no","nor","Norway"
"#e87600","oc","ocmnp",580,"mp","mnp","Northern Mariana Islands"
"#e87600","oc","ocfsm",583,"fm","fsm","Micronesia"
"#e87600","oc","ocmhl",584,"mh","mhl","Marshall Islands"
"#e87600","oc","ocplw",585,"pw","plw","Palau"
"#c8140a","as","aspak",586,"pk","pak","Pakistan"
"#0b1097","na","napan",591,"pa","pan","Panama"
"#e87600","oc","ocpng",598,"pg","png","Papua New Guinea"
"#00923f","sa","sapry",600,"py","pry","Paraguay"
"#00923f","sa","saper",604,"pe","per","Peru"
"#c8140a","as","asphl",608,"ph","phl","Philippines"
"#e87600","oc","ocpcn",612,"pn","pcn","Pitcairn Islands"
"#752277","eu","eupol",616,"pl","pol","Poland"
"#752277","eu","euprt",620,"pt","prt","Portugal"
"#ffc41c","af","afgnb",624,"gw","gnb","Guinea-Bissau"
"#c8140a","as","astls",626,"tl","tls","Timor-Leste"
"#c8140a","as","asqat",634,"qa","qat","Qatar"
"#752277","eu","eurou",642,"ro","rou","Romania"
"#752277","eu","eurus",643,"ru","rus","Russia"
"#ffc41c","af","afrwa",646,"rw","rwa","Rwanda"
"#0b1097","na","nablm",652,"bl","blm","Saint Barthélemy"
"#ffc41c","af","afshn",654,"sh","shn","Saint Helena"
"#0b1097","na","nakna",658,"kn","kna","Saint Kitts and Nevis"
"#0b1097","na","nakna",659,"kn","kna","Saint Kitts and Nevis"
"#0b1097","na","naaia",660,"ai","aia","Anguilla"
"#0b1097","na","nalca",662,"lc","lca","Saint Lucia"
"#0b1097","na","naspm",666,"pm","spm","Saint Pierre and Miquelon"
"#0b1097","na","navct",670,"vc","vct","Saint Vincent and the Grenadines"
"#752277","eu","eusmr",674,"sm","smr","San Marino"
"#ffc41c","af","afstp",678,"st","stp","Sao Tome and Principe"
"#c8140a","as","assau",682,"sa","sau","Saudi Arabia"
"#ffc41c","af","afsen",686,"sn","sen","Senegal"
"#752277","eu","eusrb",688,"rs","srb","Serbia"
"#ffc41c","af","afsyc",690,"sc","syc","Seychelles"
"#ffc41c","af","afsle",694,"sl","sle","Sierra Leone"
"#c8140a","as","asind",699,"in","ind","India"
"#c8140a","as","assgp",702,"sg","sgp","Singapore"
"#752277","eu","eusvk",703,"sk","svk","Slovakia"
"#c8140a","as","asvnm",704,"vn","vnm","Vietnam"
"#752277","eu","eusvn",705,"si","svn","Slovenia"
"#ffc41c","af","afsom",706,"so","som","Somalia"
"#ffc41c","af","afzaf",710,"za","zaf","South Africa"
"#ffc41c","af","afzaf",711,"za","zaf","South Africa"
"#ffc41c","af","afzwe",716,"zw","zwe","Zimbabwe"
"#752277","eu","euesp",724,"es","esp","Spain"
"#ffc41c","af","afssd",728,"ss","ssd","South Sudan"
"#ffc41c","af","afsdn",729,"sd","sdn","Sudan"
"#ffc41c","af","afsdn",736,"sd","sdn","Sudan"
"#00923f","sa","sasur",740,"sr","sur","Suriname"
"#752277","eu","euswe",752,"se","swe","Sweden"
"#752277","eu","euche",756,"ch","che","Switzerland"
"#752277","eu","euche",757,"ch","che","Switzerland"
"#c8140a","as","assyr",760,"sy","syr","Syria"
"#c8140a","as","astjk",762,"tj","tjk","Tajikistan"
"#c8140a","as","astha",764,"th","tha","Thailand"
"#ffc41c","af","aftgo",768,"tg","tgo","Togo"
"#e87600","oc","octkl",772,"tk","tkl","Tokelau"
"#e87600","oc","octon",776,"to","ton","Tonga"
"#0b1097","na","natto",780,"tt","tto","Trinidad and Tobago"
"#c8140a","as","asare",784,"ae","are","United Arab Emirates"
"#ffc41c","af","aftun",788,"tn","tun","Tunisia"
"#c8140a","as","astur",792,"tr","tur","Turkey"
"#c8140a","as","astkm",795,"tm","tkm","Turkmenistan"
"#0b1097","na","natca",796,"tc","tca","Turks and Caicos Islands"
"#e87600","oc","octuv",798,"tv","tuv","Tuvalu"
"#ffc41c","af","afuga",800,"ug","uga","Uganda"
"#752277","eu","euukr",804,"ua","ukr","Ukraine"
"#752277","eu","eumkd",807,"mk","mkd","Macedonia"
"#ffc41c","af","afegy",818,"eg","egy","Egypt"
"#752277","eu","eugbr",826,"gb","gbr","United Kingdom"
"#ffc41c","af","aftza",834,"tz","tza","Tanzania"
"#0b1097","na","nausa",840,"us","usa","United States"
"#0b1097","na","nausa",841,"us","usa","United States"
"#0b1097","na","nausa",842,"us","usa","United States"
"#ffc41c","af","afbfa",854,"bf","bfa","Burkina Faso"
"#00923f","sa","saury",858,"uy","ury","Uruguay"
"#c8140a","as","asuzb",860,"uz","uzb","Uzbekistan"
"#00923f","sa","saven",862,"ve","ven","Venezuela"
"#e87600","oc","ocwlf",876,"wf","wlf","Wallis and Futuna"
"#e87600","oc","ocwsm",882,"ws","wsm","Samoa"
"#c8140a","as","asyem",887,"ye","yem","Yemen"
"#ffc41c","af","afzmb",894,"zm","zmb","Zambia"
"#752277","eu","eufra",1251,"fr","fra","France"
"#752277","eu","euita",1381,"it","ita","Italy"
"#752277","sa","saant",1382,"an","ant","Netherlands Antilles"
"#752277","af","afbwa",1383,"bw","bwa","Botswana"
"#752277","eu","eucsk",1384,"cs","csk","Czechoslovakia"
"#752277","sa","saglp",1385,"gp","glp","Guadeloupe"
"#752277","sa","saguf",1386,"gf","guf","French Guiana"
"#752277","eu","eulie",1387,"li","lie","Liechtenstein"
"#752277","eu","eumco",1388,"mc","mco","Monaco"
"#752277","sa","samtq",1389,"mq","mtq","Martinique"
"#752277","af","afnam",1390,"na","nam","Namibia"
"#752277","sa","sapri",1391,"pr","pri","Puerto Rico"
"#752277","af","afreu",1392,"re","reu","Réunion"
"#752277","eu","euscg",1393,"sx","scg","Serbia and Montenegro"
"#752277","sa","swz",1394,"sz","swz","Swaziland"
"#752277","as","astwn",1395,"tw","twn","Taiwan"
"#752277","na","naumi",1396,"um","umi","United States Minor Outlying Islands"
"#752277","sa","savir",1397,"vi","vir","Virgin Islands, U.S."
"#752277","eu","euala",1398,"ax","ala","Åland Islands"
"#752277","aq","aqata",1399,"aq","ata","Antarctica"
"#752277","aq","aqbvt",1400,"bv","bvt","Bouvet Island"
"#752277","eu","euggy",1401,"gg","ggy","Guernsey"
"#752277","eu","eufro",1402,"fo","fro","Faroe Islands"
"#752277","aq","aqhmd",1403,"hm","hmd","Heard Island and McDonald Islands"
"#752277","eu","euimn",1404,"im","imn","Isle of Man"
"#752277","af","aflso",1405,"ls","lso","Lesotho"
"#752277","af","afesh",1406,"eh","esh","Western Sahara"
"#752277","na","nasxm",1407,"sx","sxm","Sint Maarten (Dutch part)"
"#752277","eu","euvat",1408,"va","vat","Holy See (Vatican City State)"
"#752277","sa","sapcz",1409,"pz","pcz","Panama Canal Zone"
"#752277","zz","zzzzz",1398,"zz","zzz","Not Classified"
